{
	"spawnRotationOffset":
	{
		"pitch": -16.274194717407227,
		"yaw": -34.644023895263672,
		"roll": 65.772232055664063
	},
	"spawnScaleOffset":
	{
		"x": 0.52916890382766724,
		"y": 0.52916890382766724,
		"z": 0.52916890382766724
	},
	"bounds":
	{
		"origin":
		{
			"x": -9086.74609375,
			"y": -6475.60498046875,
			"z": 1128.5997314453125
		},
		"boxExtent":
		{
			"x": 400.17755126953125,
			"y": 474.9906005859375,
			"z": 502.65240478515625
		},
		"sphereRadius": 530.2637939453125
	}
}